frame,t_sec,crank_deg,tail_side_deg,tail_vert_deg,effort_k
0,0.0000,65.2,-3.61,0.01,1.000
1,0.0333,85.2,-4.11,0.01,1.000
2,0.0667,105.2,-4.12,0.00,1.000
3,0.1000,125.2,-3.65,-0.01,1.000
4,0.1333,145.2,-2.76,-0.02,1.000
5,0.1667,165.2,-1.51,-0.02,1.000
6,0.2000,185.2,-0.05,-0.02,1.000
7,0.2333,205.2,1.42,-0.01,1.000
8,0.2667,225.2,2.71,-0.00,1.000
9,0.3000,245.2,3.67,0.01,1.000
10,0.3333,265.2,4.15,0.01,1.000
11,0.3667,285.2,4.14,0.00,1.000
12,0.4000,305.2,3.64,-0.01,1.000
13,0.4333,325.2,2.71,-0.02,1.000
14,0.4667,345.2,1.45,-0.02,1.000
15,0.5000,5.2,0.03,-0.02,1.000
16,0.5333,25.2,-1.41,-0.01,1.000
17,0.5667,45.2,-2.66,-0.00,1.000
18,0.6000,65.2,-3.60,0.01,1.000
19,0.6333,85.2,-4.11,0.01,1.000
20,0.6667,105.2,-4.16,0.00,1.000
21,0.7000,125.2,-3.70,-0.01,1.000
22,0.7333,145.2,-2.78,-0.02,1.000
23,0.7667,165.2,-1.49,-0.02,1.000
24,0.8000,185.2,-0.01,-0.02,1.000
25,0.8333,205.2,1.45,-0.01,1.000
26,0.8667,225.2,2.72,-0.00,1.000
27,0.9000,245.2,3.63,0.01,1.000
28,0.9333,265.2,4.11,0.01,1.000
29,0.9667,285.2,4.12,0.00,1.000
30,1.0000,305.2,3.64,-0.01,1.000
31,1.0333,325.2,2.73,-0.02,1.000
32,1.0667,345.2,1.48,-0.02,1.000
33,1.1000,5.2,0.05,-0.02,1.000
34,1.1333,25.2,-1.38,-0.01,1.000
35,1.1667,45.2,-2.65,-0.00,1.000
36,1.2000,65.2,-3.62,0.01,1.000
37,1.2333,85.2,-4.15,0.01,1.000
38,1.2667,105.2,-4.19,0.00,1.000
39,1.3000,125.2,-3.71,-0.01,1.000
40,1.3333,145.2,-2.76,-0.02,1.000
41,1.3667,165.2,-1.46,-0.03,1.000
42,1.4000,185.2,0.01,-0.02,1.000
43,1.4333,205.2,1.44,-0.01,1.000
44,1.4667,225.2,2.68,-0.00,1.000
45,1.5000,245.2,3.60,0.01,1.000
46,1.5333,265.2,4.12,0.01,1.000
47,1.5667,285.2,4.14,0.00,1.000
48,1.6000,305.2,3.66,-0.01,1.000
49,1.6333,325.2,2.73,-0.02,1.000
50,1.6667,345.2,1.48,-0.02,1.000
51,1.7000,5.2,0.07,-0.02,1.000
52,1.7333,25.2,-1.37,-0.01,1.000
53,1.7667,45.2,-2.66,-0.00,1.000
54,1.8000,65.2,-3.64,0.01,1.000
55,1.8333,85.2,-4.18,0.01,1.000
56,1.8667,105.2,-4.20,0.00,1.000
57,1.9000,125.2,-3.69,-0.01,1.000
58,1.9333,145.2,-2.72,-0.02,1.000
59,1.9667,165.2,-1.45,-0.03,1.000
60,2.0000,185.2,-0.02,-0.02,1.000
