keys,ru,en
ui.app.title,ovosch-rider,ovosch-rider
ui.common.coming_soon,Этот экран появится позже,This screen is coming soon
ui.common.cancel,Отмена,Cancel
ui.common.delete,Удалить,Delete
ui.profile_select.title,Выбор профиля,Choose a profile
ui.profile_select.select,Выбрать,Select
ui.profile_select.create,Создать,Create
ui.profile_select.delete,Удалить,Delete
ui.profile_select.empty_hint,Профилей пока нет — создайте первый,No profiles yet — create the first one
ui.profile_select.delete_confirm,Удалить профиль «{name}»? Будут удалены его заезды; токены и датчики; общий станок останется.,Delete profile “{name}”? Its rides; tokens and sensors will be removed; the shared trainer stays.
ui.profile_select.item_ftp,FTP {ftp} Вт,FTP {ftp} W
ui.profile_create.title,Новый профиль,New profile
ui.profile_create.name,Имя,Name
ui.profile_create.ftp,FTP (Вт),FTP (W)
ui.profile_create.weight,Вес (кг),Weight (kg)
ui.profile_create.max_hr,Максимальный пульс (0 — не задан),Max heart rate (0 = not set)
ui.profile_create.save,Сохранить,Save
ui.profile_create.cancel,Отмена,Cancel
ui.home.title,Главный экран,Home
ui.home.active_profile,Профиль: {name},Profile: {name}
ui.home.workout,Тренировка,Workout
ui.home.history,История,History
ui.home.settings,Настройки,Settings
ui.home.dev,Режим разработки,Developer mode
ui.home.switch_profile,Сменить профиль,Switch profile
error.profile.id_empty,Внутренняя ошибка: у профиля нет идентификатора,Internal error: profile has no id
error.profile.name_empty,Введите имя профиля,Enter a profile name
error.profile.name_too_long,Имя не длиннее 40 символов,Name must be 40 characters or fewer
error.profile.ftp_out_of_range,FTP должен быть от 50 до 600 Вт,FTP must be between 50 and 600 W
error.profile.weight_out_of_range,Вес должен быть от 20 до 250 кг,Weight must be between 20 and 250 kg
error.profile.max_hr_out_of_range,Максимальный пульс — от 100 до 220 или 0,Max heart rate must be 100–220 or 0
error.profile.intensity_out_of_range,Интенсивность — от 50 до 150 %,Intensity must be between 50 and 150 %
error.profile.resistance_out_of_range,Сопротивление — от 0 до 100 %,Resistance must be between 0 and 100 %
error.profile.power_zones_invalid,Границы зон мощности некорректны,Power zone boundaries are invalid
error.profile.hr_zones_invalid,Границы зон пульса некорректны,Heart-rate zone boundaries are invalid
error.profile.name_not_unique,Профиль с таким именем уже есть,A profile with this name already exists
error.profile.profile_not_found,Профиль не найден,Profile not found
error.profile.last_profile,Нельзя удалить последний профиль,The last profile cannot be deleted
error.profile.storage_write_failed,Не удалось сохранить профили на диск,Could not save profiles to disk
ui.dev.title,Режим разработки,Developer mode
ui.dev.play,Проиграть на эмуляторе,Play on emulator
ui.dev.pause,Пауза,Pause
ui.dev.resume,Продолжить,Resume
ui.dev.skip,Пропустить шаг,Skip step
ui.dev.stop,Стоп,Stop
ui.dev.erg_on,ERG вкл,ERG on
ui.dev.erg_off,ERG выкл,ERG off
ui.dev.back,На главный,Back to home
ui.dev.no_session,Сессия не запущена — нажмите «Проиграть на эмуляторе»,No session — press “Play on emulator”
ui.dev.trainer_unavailable,Эмулятор станка недоступен,Trainer emulator unavailable
ui.dev.status,Состояние: {state} ({connection}) · шаг {step}/{steps} · цель {target} Вт · мощность {power} Вт · каденс {cadence} об/мин · время {time} · сэмплов {samples} · {erg},State: {state} ({connection}) · step {step}/{steps} · target {target} W · power {power} W · cadence {cadence} rpm · time {time} · samples {samples} · {erg}
ui.dev.commands_title,Последние команды станку (время; тип; значение):,Last trainer commands (time; type; value):
ui.dev.state.idle,ожидание,idle
ui.dev.state.running,идёт,running
ui.dev.state.paused,пауза,paused
ui.dev.state.finished,завершена,finished
ui.dev.connection.disconnected,не подключён,disconnected
ui.dev.connection.scanning,поиск,scanning
ui.dev.connection.connecting,подключение,connecting
ui.dev.connection.connected,подключён,connected
ui.dev.connection.reconnecting,переподключение,reconnecting
ui.dev.connection.unknown,неизвестно,unknown
ui.home.devices,Устройства,Devices
ui.devices.title,Устройства,Devices
ui.devices.scan,Сканировать,Scan
ui.devices.stop_scan,Остановить поиск,Stop scanning
ui.devices.auto_connect,Автоподключение,Auto-connect
ui.devices.back,На главный,Back to home
ui.devices.remembered,Запомненные устройства,Remembered devices
ui.devices.found,Найденные устройства,Discovered devices
ui.devices.connect,Подключить,Connect
ui.devices.disconnect,Отключить,Disconnect
ui.devices.forget,Забыть,Forget
ui.devices.unnamed,Без имени,Unnamed
ui.devices.rssi,{rssi} дБм,{rssi} dBm
ui.devices.unavailable,недоступно,unavailable
ui.devices.battery,заряд {percent} %,battery {percent} %
ui.devices.battery_unknown,заряд —,battery —
ui.devices.kind.trainer,станок,trainer
ui.devices.kind.hr,пульс,heart rate
ui.devices.kind.cadence,каденс,cadence
ui.devices.kind.power,мощность,power meter
ui.devices.kind.unknown,неизвестно,unknown
ui.devices.state.disconnected,не подключено,not connected
ui.devices.state.connecting,подключение,connecting
ui.devices.state.connected,подключено,connected
ui.devices.state.reconnecting,переподключение,reconnecting
ui.devices.status.idle,Поиск не идёт,Not scanning
ui.devices.status.scanning,Идёт поиск устройств…,Scanning for devices…
ui.devices.status.auto_connecting,Ждём запомненные устройства: {count},Waiting for remembered devices: {count}
ui.devices.status.not_found,Устройство не найдено: {names}. Подключите вручную.,Device not found: {names}. Connect manually.
ui.home.workout_emulator,Тренировка на эмуляторе,Workout on emulator
ui.hud.connection.disconnected,Станок не подключён,Trainer disconnected
ui.hud.connection.scanning,Поиск станка…,Scanning for trainer…
ui.hud.connection.connecting,Подключение к станку…,Connecting to trainer…
ui.hud.connection.connected,Станок подключён,Trainer connected
ui.hud.connection.reconnecting,Переподключение…,Reconnecting…
ui.hud.connection.unknown,Состояние неизвестно,Unknown state
ui.workout.no_session,Тренировка не выбрана,No workout selected
ui.workout.target_title,Цель,Target
ui.workout.target_value,{value} Вт,{value} W
ui.workout.unit_w,Вт,W
ui.workout.hr,Пульс,Heart rate
ui.workout.cadence,Каденс,Cadence
ui.workout.speed,Скорость,Speed
ui.workout.elapsed,Время,Elapsed
ui.workout.countdown,До конца интервала,Interval remaining
ui.workout.step,Шаг {step},Step {step}
ui.workout.pause,Пауза,Pause
ui.workout.resume,Продолжить,Resume
ui.workout.skip,Пропустить,Skip
ui.workout.stop,Стоп,Stop
ui.workout.stop_confirm,Завершить тренировку досрочно? Заезд будет сохранён как завершённый досрочно.,End the workout early? The ride will be saved as ended early.
ui.workout.erg_on,ERG вкл,ERG on
ui.workout.erg_off,ERG выкл,ERG off
ui.workout.resistance,Сопротивление {value} %,Resistance {value} %
ui.workout.intensity,Интенсивность {value} %,Intensity {value} %
ui.workout.finished,Тренировка завершена,Workout finished
ui.workout.summary,{name} · {time} · {distance} км · сэмплов {samples} {early},{name} · {time} · {distance} km · samples {samples} {early}
ui.workout.stopped_early,(завершена досрочно),(ended early)
ui.workout.home,На главный,Back to home
ui.workout.minus_5,−5,−5
ui.workout.plus_5,+5,+5
ui.workout.minus_5pct,−5 %,−5 %
ui.workout.plus_5pct,+5 %,+5 %
ui.devices.ble_unavailable,Bluetooth недоступен: нативный модуль не загружен или адаптер выключен,Bluetooth unavailable: native module not loaded or adapter is off
ui.workout.summary_paused,Пауз: {paused},Paused: {paused}
